floor,shop_name,rating,reviews,status,price,wait_time,favicon_url,categories,hours,phone,social
0,BIFANAS DE VENDAS NOVAS,4.6,1124,Open,1,10,img\BIFANAS VENDAS NOVAS.jpeg,PORTUGUESA,"{""Monday"": ""10:00 a.m. - 12:00 a.m."", ""Tuesday"": ""10:00 a.m. - 12:00 a.m."", ""Wednesday"": ""10:00 a.m. - 12:00 a.m."", ""Thursday"": ""10:00 a.m. - 12:00 a.m."", ""Friday"": ""10:00 a.m. - 12:00 a.m."", ""Saturday"": ""10:00 a.m. - 12:00 a.m."", ""Sunday"": ""10:00 a.m. - 12:00 a.m.""}",+351 800 123 456,"facebook.com/example, instagram.com/example"
0,ARDINA CAFFÉ,3.5,621,Open,2,6,img\ARDINA CAFFÉ.png,CAFÉ E PASTELARIA,"{""Monday"": ""10:00 a.m. - 12:00 a.m."", ""Tuesday"": ""10:00 a.m. - 12:00 a.m."", ""Wednesday"": ""10:00 a.m. - 12:00 a.m."", ""Thursday"": ""10:00 a.m. - 12:00 a.m."", ""Friday"": ""10:00 a.m. - 12:00 a.m."", ""Saturday"": ""10:00 a.m. - 12:00 a.m."", ""Sunday"": ""10:00 a.m. - 12:00 a.m.""}",+351 800 123 456,"facebook.com/example, instagram.com/example"
0,EMPANADAS,3.8,904,Open,2,14,https://www.google.com/s2/favicons?domain=empanadas.com&sz=64,FAST FOOD,"{""Monday"": ""10:00 a.m. - 12:00 a.m."", ""Tuesday"": ""10:00 a.m. - 12:00 a.m."", ""Wednesday"": ""10:00 a.m. - 12:00 a.m."", ""Thursday"": ""10:00 a.m. - 12:00 a.m."", ""Friday"": ""10:00 a.m. - 12:00 a.m."", ""Saturday"": ""10:00 a.m. - 12:00 a.m."", ""Sunday"": ""10:00 a.m. - 12:00 a.m.""}",+351 800 123 456,"facebook.com/example, instagram.com/example"
0,GLEBA,4.0,1127,Open,2,18,img/Gleba.jpg,CAFÉ E PASTELARIA,"{""Monday"": ""10:00 a.m. - 12:00 a.m."", ""Tuesday"": ""10:00 a.m. - 12:00 a.m."", ""Wednesday"": ""10:00 a.m. - 12:00 a.m."", ""Thursday"": ""10:00 a.m. - 12:00 a.m."", ""Friday"": ""10:00 a.m. - 12:00 a.m."", ""Saturday"": ""10:00 a.m. - 12:00 a.m."", ""Sunday"": ""10:00 a.m. - 12:00 a.m.""}",+351 800 123 456,"facebook.com/example, instagram.com/example"
0,HUSSEL,3.7,1099,Closed,3,6,img/HUSSEL.jpg,GELATARIA E DOÇARIA,"{""Monday"": ""10:00 a.m. - 12:00 a.m."", ""Tuesday"": ""10:00 a.m. - 12:00 a.m."", ""Wednesday"": ""10:00 a.m. - 12:00 a.m."", ""Thursday"": ""10:00 a.m. - 12:00 a.m."", ""Friday"": ""10:00 a.m. - 12:00 a.m."", ""Saturday"": ""10:00 a.m. - 12:00 a.m."", ""Sunday"": ""10:00 a.m. - 12:00 a.m.""}",+351 800 123 456,"facebook.com/example, instagram.com/example"
0,JRN DOÇARIAS,3.5,878,Open,1,9,img\JRN DOÇARIAS.png,GELATARIA E DOÇARIA,"{""Monday"": ""10:00 a.m. - 12:00 a.m."", ""Tuesday"": ""10:00 a.m. - 12:00 a.m."", ""Wednesday"": ""10:00 a.m. - 12:00 a.m."", ""Thursday"": ""10:00 a.m. - 12:00 a.m."", ""Friday"": ""10:00 a.m. - 12:00 a.m."", ""Saturday"": ""10:00 a.m. - 12:00 a.m."", ""Sunday"": ""10:00 a.m. - 12:00 a.m.""}",+351 800 123 456,"facebook.com/example, instagram.com/example"
0,OLÁ,4.6,1125,Open,3,5,img/OLÁ.png,GELATARIA E DOÇARIA,"{""Monday"": ""10:00 a.m. - 12:00 a.m."", ""Tuesday"": ""10:00 a.m. - 12:00 a.m."", ""Wednesday"": ""10:00 a.m. - 12:00 a.m."", ""Thursday"": ""10:00 a.m. - 12:00 a.m."", ""Friday"": ""10:00 a.m. - 12:00 a.m."", ""Saturday"": ""10:00 a.m. - 12:00 a.m."", ""Sunday"": ""10:00 a.m. - 12:00 a.m.""}",+351 800 123 456,"facebook.com/example, instagram.com/example"
1,COFFEE & ME,4.6,456,Open,3,18,img/COFFEE E ME.jpg,CAFÉ E PASTELARIA,"{""Monday"": ""10:00 a.m. - 12:00 a.m."", ""Tuesday"": ""10:00 a.m. - 12:00 a.m."", ""Wednesday"": ""10:00 a.m. - 12:00 a.m."", ""Thursday"": ""10:00 a.m. - 12:00 a.m."", ""Friday"": ""10:00 a.m. - 12:00 a.m."", ""Saturday"": ""10:00 a.m. - 12:00 a.m."", ""Sunday"": ""10:00 a.m. - 12:00 a.m.""}",+351 800 123 456,"facebook.com/example, instagram.com/example"
1,DESEJO PRONTO DELICIOUS COFFE & GRILL,4.8,1364,Closed,3,7,img\DESEJO PRONTO DELICIOUS COFFE & GRILL.jpeg,CAFÉ E PASTELARIA,"{""Monday"": ""10:00 a.m. - 12:00 a.m."", ""Tuesday"": ""10:00 a.m. - 12:00 a.m."", ""Wednesday"": ""10:00 a.m. - 12:00 a.m."", ""Thursday"": ""10:00 a.m. - 12:00 a.m."", ""Friday"": ""10:00 a.m. - 12:00 a.m."", ""Saturday"": ""10:00 a.m. - 12:00 a.m."", ""Sunday"": ""10:00 a.m. - 12:00 a.m.""}",+351 800 123 456,"facebook.com/example, instagram.com/example"
1,FRANGO DA GARE,3.7,1440,Closed,2,17,img\FRANGO DA GARE.jpeg,PORTUGUESA,"{""Monday"": ""10:00 a.m. - 12:00 a.m."", ""Tuesday"": ""10:00 a.m. - 12:00 a.m."", ""Wednesday"": ""10:00 a.m. - 12:00 a.m."", ""Thursday"": ""10:00 a.m. - 12:00 a.m."", ""Friday"": ""10:00 a.m. - 12:00 a.m."", ""Saturday"": ""10:00 a.m. - 12:00 a.m."", ""Sunday"": ""10:00 a.m. - 12:00 a.m.""}",+351 800 123 456,"facebook.com/example, instagram.com/example"
1,NESPRESSO,4.2,522,Open,3,12,img/NESPRESSO.jpg,CAFÉ E PASTELARIA,"{""Monday"": ""10:00 a.m. - 12:00 a.m."", ""Tuesday"": ""10:00 a.m. - 12:00 a.m."", ""Wednesday"": ""10:00 a.m. - 12:00 a.m."", ""Thursday"": ""10:00 a.m. - 12:00 a.m."", ""Friday"": ""10:00 a.m. - 12:00 a.m."", ""Saturday"": ""10:00 a.m. - 12:00 a.m."", ""Sunday"": ""10:00 a.m. - 12:00 a.m.""}",+351 800 123 456,"facebook.com/example, instagram.com/example"
2,"ALENTEJO – PÃO, AZEITE E ALHO",3.9,937,Closed,1,5,img/ALENTEJO - PAO AZEITE E ALHO.jpeg,PORTUGUESA,"{""Monday"": ""10:00 a.m. - 12:00 a.m."", ""Tuesday"": ""10:00 a.m. - 12:00 a.m."", ""Wednesday"": ""10:00 a.m. - 12:00 a.m."", ""Thursday"": ""10:00 a.m. - 12:00 a.m."", ""Friday"": ""10:00 a.m. - 12:00 a.m."", ""Saturday"": ""10:00 a.m. - 12:00 a.m."", ""Sunday"": ""10:00 a.m. - 12:00 a.m.""}",+351 800 123 456,"facebook.com/example, instagram.com/example"
2,BAGGA,3.8,286,Open,3,17,img/BAGGA.jpg,CAFÉ E PASTELARIA,"{""Monday"": ""10:00 a.m. - 12:00 a.m."", ""Tuesday"": ""10:00 a.m. - 12:00 a.m."", ""Wednesday"": ""10:00 a.m. - 12:00 a.m."", ""Thursday"": ""10:00 a.m. - 12:00 a.m."", ""Friday"": ""10:00 a.m. - 12:00 a.m."", ""Saturday"": ""10:00 a.m. - 12:00 a.m."", ""Sunday"": ""10:00 a.m. - 12:00 a.m.""}",+351 800 123 456,"facebook.com/example, instagram.com/example"
2,BARÕES DO CAFÉ,3.8,704,Open,3,7,img\BARÕES DO CAFÉ.png,CAFÉ E PASTELARIA,"{""Monday"": ""10:00 a.m. - 12:00 a.m."", ""Tuesday"": ""10:00 a.m. - 12:00 a.m."", ""Wednesday"": ""10:00 a.m. - 12:00 a.m."", ""Thursday"": ""10:00 a.m. - 12:00 a.m."", ""Friday"": ""10:00 a.m. - 12:00 a.m."", ""Saturday"": ""10:00 a.m. - 12:00 a.m."", ""Sunday"": ""10:00 a.m. - 12:00 a.m.""}",+351 800 123 456,"facebook.com/example, instagram.com/example"
2,BURGER KING,4.7,544,Closed,3,19,https://www.google.com/s2/favicons?domain=burgerking.com&sz=64,FAST FOOD,"{""Monday"": ""10:00 a.m. - 12:00 a.m."", ""Tuesday"": ""10:00 a.m. - 12:00 a.m."", ""Wednesday"": ""10:00 a.m. - 12:00 a.m."", ""Thursday"": ""10:00 a.m. - 12:00 a.m."", ""Friday"": ""10:00 a.m. - 12:00 a.m."", ""Saturday"": ""10:00 a.m. - 12:00 a.m."", ""Sunday"": ""10:00 a.m. - 12:00 a.m.""}",+351 800 123 456,"facebook.com/example, instagram.com/example"
2,CAPRI,4.8,1193,Open,1,16,img/CAPRI.png,ITALIANA/SAUDÁVEL,"{""Monday"": ""10:00 a.m. - 12:00 a.m."", ""Tuesday"": ""10:00 a.m. - 12:00 a.m."", ""Wednesday"": ""10:00 a.m. - 12:00 a.m."", ""Thursday"": ""10:00 a.m. - 12:00 a.m."", ""Friday"": ""10:00 a.m. - 12:00 a.m."", ""Saturday"": ""10:00 a.m. - 12:00 a.m."", ""Sunday"": ""10:00 a.m. - 12:00 a.m.""}",+351 800 123 456,"facebook.com/example, instagram.com/example"
2,COFFEE & ME,3.6,1816,Closed,2,7,img/COFFEE E ME.jpg,CAFÉ E PASTELARIA,"{""Monday"": ""10:00 a.m. - 12:00 a.m."", ""Tuesday"": ""10:00 a.m. - 12:00 a.m."", ""Wednesday"": ""10:00 a.m. - 12:00 a.m."", ""Thursday"": ""10:00 a.m. - 12:00 a.m."", ""Friday"": ""10:00 a.m. - 12:00 a.m."", ""Saturday"": ""10:00 a.m. - 12:00 a.m."", ""Sunday"": ""10:00 a.m. - 12:00 a.m.""}",+351 800 123 456,"facebook.com/example, instagram.com/example"
2,FURIO,3.8,284,Open,3,20,img/FURIO.png,ITALIANA,"{""Monday"": ""10:00 a.m. - 12:00 a.m."", ""Tuesday"": ""10:00 a.m. - 12:00 a.m."", ""Wednesday"": ""10:00 a.m. - 12:00 a.m."", ""Thursday"": ""10:00 a.m. - 12:00 a.m."", ""Friday"": ""10:00 a.m. - 12:00 a.m."", ""Saturday"": ""10:00 a.m. - 12:00 a.m."", ""Sunday"": ""10:00 a.m. - 12:00 a.m.""}",+351 800 123 456,"facebook.com/example, instagram.com/example"
2,GO NATURAL,3.9,251,Open,1,18,img/GO NATURAL.png,SAUDÁVEL,"{""Monday"": ""10:00 a.m. - 12:00 a.m."", ""Tuesday"": ""10:00 a.m. - 12:00 a.m."", ""Wednesday"": ""10:00 a.m. - 12:00 a.m."", ""Thursday"": ""10:00 a.m. - 12:00 a.m."", ""Friday"": ""10:00 a.m. - 12:00 a.m."", ""Saturday"": ""10:00 a.m. - 12:00 a.m."", ""Sunday"": ""10:00 a.m. - 12:00 a.m.""}",+351 800 123 456,"facebook.com/example, instagram.com/example"
2,GUACAMOLE,4.1,795,Closed,3,6,img/GUACAMOLE.jpg,MEXICANA,"{""Monday"": ""10:00 a.m. - 12:00 a.m."", ""Tuesday"": ""10:00 a.m. - 12:00 a.m."", ""Wednesday"": ""10:00 a.m. - 12:00 a.m."", ""Thursday"": ""10:00 a.m. - 12:00 a.m."", ""Friday"": ""10:00 a.m. - 12:00 a.m."", ""Saturday"": ""10:00 a.m. - 12:00 a.m."", ""Sunday"": ""10:00 a.m. - 12:00 a.m.""}",+351 800 123 456,"facebook.com/example, instagram.com/example"
2,H3 – NEW HAMBURGOLOGY,3.7,566,Open,2,16,img\H3.jpg,FAST FOOD,"{""Monday"": ""10:00 a.m. - 12:00 a.m."", ""Tuesday"": ""10:00 a.m. - 12:00 a.m."", ""Wednesday"": ""10:00 a.m. - 12:00 a.m."", ""Thursday"": ""10:00 a.m. - 12:00 a.m."", ""Friday"": ""10:00 a.m. - 12:00 a.m."", ""Saturday"": ""10:00 a.m. - 12:00 a.m."", ""Sunday"": ""10:00 a.m. - 12:00 a.m.""}",+351 800 123 456,"facebook.com/example, instagram.com/example"
2,HÄAGEN-DAZS,4.0,510,Open,3,16,https://www.google.com/s2/favicons?domain=häagen-dazs.com&sz=64,GELATARIA E DOÇARIA,"{""Monday"": ""10:00 a.m. - 12:00 a.m."", ""Tuesday"": ""10:00 a.m. - 12:00 a.m."", ""Wednesday"": ""10:00 a.m. - 12:00 a.m."", ""Thursday"": ""10:00 a.m. - 12:00 a.m."", ""Friday"": ""10:00 a.m. - 12:00 a.m."", ""Saturday"": ""10:00 a.m. - 12:00 a.m."", ""Sunday"": ""10:00 a.m. - 12:00 a.m.""}",+351 800 123 456,"facebook.com/example, instagram.com/example"
2,JOSHUA’S SHOARMA,4.7,228,Closed,3,13,img/JOSHUAS SHOARMA.jpg,MÉDIO ORIENTE,"{""Monday"": ""10:00 a.m. - 12:00 a.m."", ""Tuesday"": ""10:00 a.m. - 12:00 a.m."", ""Wednesday"": ""10:00 a.m. - 12:00 a.m."", ""Thursday"": ""10:00 a.m. - 12:00 a.m."", ""Friday"": ""10:00 a.m. - 12:00 a.m."", ""Saturday"": ""10:00 a.m. - 12:00 a.m."", ""Sunday"": ""10:00 a.m. - 12:00 a.m.""}",+351 800 123 456,"facebook.com/example, instagram.com/example"
2,KFC,3.9,1801,Open,2,16,img/KFC.jpg,FAST FOOD,"{""Monday"": ""10:00 a.m. - 12:00 a.m."", ""Tuesday"": ""10:00 a.m. - 12:00 a.m."", ""Wednesday"": ""10:00 a.m. - 12:00 a.m."", ""Thursday"": ""10:00 a.m. - 12:00 a.m."", ""Friday"": ""10:00 a.m. - 12:00 a.m."", ""Saturday"": ""10:00 a.m. - 12:00 a.m."", ""Sunday"": ""10:00 a.m. - 12:00 a.m.""}",+351 800 123 456,"facebook.com/example, instagram.com/example"
2,LA PARRILLA,3.9,322,Closed,2,8,img/LA PARRILLA.jpg,GRELHADOS,"{""Monday"": ""10:00 a.m. - 12:00 a.m."", ""Tuesday"": ""10:00 a.m. - 12:00 a.m."", ""Wednesday"": ""10:00 a.m. - 12:00 a.m."", ""Thursday"": ""10:00 a.m. - 12:00 a.m."", ""Friday"": ""10:00 a.m. - 12:00 a.m."", ""Saturday"": ""10:00 a.m. - 12:00 a.m."", ""Sunday"": ""10:00 a.m. - 12:00 a.m.""}",+351 800 123 456,"facebook.com/example, instagram.com/example"
2,LA ROTISSERIE,3.9,1178,Open,3,14,img/LA ROTISSERIE.jpg,PORTUGUESA,"{""Monday"": ""10:00 a.m. - 12:00 a.m."", ""Tuesday"": ""10:00 a.m. - 12:00 a.m."", ""Wednesday"": ""10:00 a.m. - 12:00 a.m."", ""Thursday"": ""10:00 a.m. - 12:00 a.m."", ""Friday"": ""10:00 a.m. - 12:00 a.m."", ""Saturday"": ""10:00 a.m. - 12:00 a.m."", ""Sunday"": ""10:00 a.m. - 12:00 a.m.""}",+351 800 123 456,"facebook.com/example, instagram.com/example"
2,MCDONALD’S,4.0,1221,Closed,1,17,https://www.google.com/s2/favicons?domain=https://www.mcdonalds.be/en&sz=64,FAST FOOD,"{""Monday"": ""10:00 a.m. - 12:00 a.m."", ""Tuesday"": ""10:00 a.m. - 12:00 a.m."", ""Wednesday"": ""10:00 a.m. - 12:00 a.m."", ""Thursday"": ""10:00 a.m. - 12:00 a.m."", ""Friday"": ""10:00 a.m. - 12:00 a.m."", ""Saturday"": ""10:00 a.m. - 12:00 a.m."", ""Sunday"": ""10:00 a.m. - 12:00 a.m.""}",+351 800 123 456,"facebook.com/example, instagram.com/example"
2,NOORI SUSHI,3.8,577,Open,1,15,img/NOORI SUSHI.jpg,ASIÁTICA,"{""Monday"": ""10:00 a.m. - 12:00 a.m."", ""Tuesday"": ""10:00 a.m. - 12:00 a.m."", ""Wednesday"": ""10:00 a.m. - 12:00 a.m."", ""Thursday"": ""10:00 a.m. - 12:00 a.m."", ""Friday"": ""10:00 a.m. - 12:00 a.m."", ""Saturday"": ""10:00 a.m. - 12:00 a.m."", ""Sunday"": ""10:00 a.m. - 12:00 a.m.""}",+351 800 123 456,"facebook.com/example, instagram.com/example"
2,PANS & COMPANY,4.5,190,Open,3,13,img/PANS & COMPANY.jpg,FAST FOOD,"{""Monday"": ""10:00 a.m. - 12:00 a.m."", ""Tuesday"": ""10:00 a.m. - 12:00 a.m."", ""Wednesday"": ""10:00 a.m. - 12:00 a.m."", ""Thursday"": ""10:00 a.m. - 12:00 a.m."", ""Friday"": ""10:00 a.m. - 12:00 a.m."", ""Saturday"": ""10:00 a.m. - 12:00 a.m."", ""Sunday"": ""10:00 a.m. - 12:00 a.m.""}",+351 800 123 456,"facebook.com/example, instagram.com/example"
2,PIZZA HUT,4.6,1682,Closed,2,5,img/PIZZA HUT.jpg,FAST FOOD,"{""Monday"": ""10:00 a.m. - 12:00 a.m."", ""Tuesday"": ""10:00 a.m. - 12:00 a.m."", ""Wednesday"": ""10:00 a.m. - 12:00 a.m."", ""Thursday"": ""10:00 a.m. - 12:00 a.m."", ""Friday"": ""10:00 a.m. - 12:00 a.m."", ""Saturday"": ""10:00 a.m. - 12:00 a.m."", ""Sunday"": ""10:00 a.m. - 12:00 a.m.""}",+351 800 123 456,"facebook.com/example, instagram.com/example"
2,PORTELA CAFÉS,4.8,1438,Open,3,15,img\PORTELA CAFÉS.png,CAFÉ E PASTELARIA,"{""Monday"": ""10:00 a.m. - 12:00 a.m."", ""Tuesday"": ""10:00 a.m. - 12:00 a.m."", ""Wednesday"": ""10:00 a.m. - 12:00 a.m."", ""Thursday"": ""10:00 a.m. - 12:00 a.m."", ""Friday"": ""10:00 a.m. - 12:00 a.m."", ""Saturday"": ""10:00 a.m. - 12:00 a.m."", ""Sunday"": ""10:00 a.m. - 12:00 a.m.""}",+351 800 123 456,"facebook.com/example, instagram.com/example"
2,QUIOSQUE DOS SABORES,3.6,795,Closed,3,8,img/QUIOSQUE DOS SABORES.jpg,FAST FOOD,"{""Monday"": ""10:00 a.m. - 12:00 a.m."", ""Tuesday"": ""10:00 a.m. - 12:00 a.m."", ""Wednesday"": ""10:00 a.m. - 12:00 a.m."", ""Thursday"": ""10:00 a.m. - 12:00 a.m."", ""Friday"": ""10:00 a.m. - 12:00 a.m."", ""Saturday"": ""10:00 a.m. - 12:00 a.m."", ""Sunday"": ""10:00 a.m. - 12:00 a.m.""}",+351 800 123 456,"facebook.com/example, instagram.com/example"
2,SABOR GAÚCHO,4.7,538,Open,2,17,img\SABOR GAÚCHO.png,BRASILEIRA/GRELHADOS,"{""Monday"": ""10:00 a.m. - 12:00 a.m."", ""Tuesday"": ""10:00 a.m. - 12:00 a.m."", ""Wednesday"": ""10:00 a.m. - 12:00 a.m."", ""Thursday"": ""10:00 a.m. - 12:00 a.m."", ""Friday"": ""10:00 a.m. - 12:00 a.m."", ""Saturday"": ""10:00 a.m. - 12:00 a.m."", ""Sunday"": ""10:00 a.m. - 12:00 a.m.""}",+351 800 123 456,"facebook.com/example, instagram.com/example"
2,SERRA DA ESTRELA,3.6,1880,Open,2,11,img/SERRA DA ESTRELA.jpg,PORTUGUESA,"{""Monday"": ""10:00 a.m. - 12:00 a.m."", ""Tuesday"": ""10:00 a.m. - 12:00 a.m."", ""Wednesday"": ""10:00 a.m. - 12:00 a.m."", ""Thursday"": ""10:00 a.m. - 12:00 a.m."", ""Friday"": ""10:00 a.m. - 12:00 a.m."", ""Saturday"": ""10:00 a.m. - 12:00 a.m."", ""Sunday"": ""10:00 a.m. - 12:00 a.m.""}",+351 800 123 456,"facebook.com/example, instagram.com/example"
2,SR. FRANGO DA GUIA,4.8,1568,Closed,2,9,img/SR. FRANGO DA GUIA.jpg,GRELHADOS,"{""Monday"": ""10:00 a.m. - 12:00 a.m."", ""Tuesday"": ""10:00 a.m. - 12:00 a.m."", ""Wednesday"": ""10:00 a.m. - 12:00 a.m."", ""Thursday"": ""10:00 a.m. - 12:00 a.m."", ""Friday"": ""10:00 a.m. - 12:00 a.m."", ""Saturday"": ""10:00 a.m. - 12:00 a.m."", ""Sunday"": ""10:00 a.m. - 12:00 a.m.""}",+351 800 123 456,"facebook.com/example, instagram.com/example"
2,TACO BELL,4.1,685,Closed,2,12,https://www.google.com/s2/favicons?domain=tacobell.com&sz=64,FAST FOOD,"{""Monday"": ""10:00 a.m. - 12:00 a.m."", ""Tuesday"": ""10:00 a.m. - 12:00 a.m."", ""Wednesday"": ""10:00 a.m. - 12:00 a.m."", ""Thursday"": ""10:00 a.m. - 12:00 a.m."", ""Friday"": ""10:00 a.m. - 12:00 a.m."", ""Saturday"": ""10:00 a.m. - 12:00 a.m."", ""Sunday"": ""10:00 a.m. - 12:00 a.m.""}",+351 800 123 456,"facebook.com/example, instagram.com/example"
2,TALHO DO MERCADO,4.5,1705,Open,1,19,img\TALHO DO MERCADO.jpeg,FAST FOOD,"{""Monday"": ""10:00 a.m. - 12:00 a.m."", ""Tuesday"": ""10:00 a.m. - 12:00 a.m."", ""Wednesday"": ""10:00 a.m. - 12:00 a.m."", ""Thursday"": ""10:00 a.m. - 12:00 a.m."", ""Friday"": ""10:00 a.m. - 12:00 a.m."", ""Saturday"": ""10:00 a.m. - 12:00 a.m."", ""Sunday"": ""10:00 a.m. - 12:00 a.m.""}",+351 800 123 456,"facebook.com/example, instagram.com/example"
2,VITAMINAS,4.3,1226,Closed,3,7,https://www.google.com/s2/favicons?domain=vitaminas.com&sz=64,SAUDÁVEL,"{""Monday"": ""10:00 a.m. - 12:00 a.m."", ""Tuesday"": ""10:00 a.m. - 12:00 a.m."", ""Wednesday"": ""10:00 a.m. - 12:00 a.m."", ""Thursday"": ""10:00 a.m. - 12:00 a.m."", ""Friday"": ""10:00 a.m. - 12:00 a.m."", ""Saturday"": ""10:00 a.m. - 12:00 a.m."", ""Sunday"": ""10:00 a.m. - 12:00 a.m.""}",+351 800 123 456,"facebook.com/example, instagram.com/example"
2,WOK TO WALK,3.9,1736,Open,3,5,img/WOK TO WALK.jpg,MÉDIO ORIENTE,"{""Monday"": ""10:00 a.m. - 12:00 a.m."", ""Tuesday"": ""10:00 a.m. - 12:00 a.m."", ""Wednesday"": ""10:00 a.m. - 12:00 a.m."", ""Thursday"": ""10:00 a.m. - 12:00 a.m."", ""Friday"": ""10:00 a.m. - 12:00 a.m."", ""Saturday"": ""10:00 a.m. - 12:00 a.m."", ""Sunday"": ""10:00 a.m. - 12:00 a.m.""}",+351 800 123 456,"facebook.com/example, instagram.com/example"
3,BREAD & FRIENDS,4.0,1579,Open,2,15,img/BREAD E FRIENDS.png,CAFÉ E PASTELARIA,"{""Monday"": ""10:00 a.m. - 12:00 a.m."", ""Tuesday"": ""10:00 a.m. - 12:00 a.m."", ""Wednesday"": ""10:00 a.m. - 12:00 a.m."", ""Thursday"": ""10:00 a.m. - 12:00 a.m."", ""Friday"": ""10:00 a.m. - 12:00 a.m."", ""Saturday"": ""10:00 a.m. - 12:00 a.m."", ""Sunday"": ""10:00 a.m. - 12:00 a.m.""}",+351 800 123 456,"facebook.com/example, instagram.com/example"
3,CERVEJARIA MALANDRA,3.6,1777,Open,2,10,img/CERVEJARIA MALANDRA.png,CERVEJARIA,"{""Monday"": ""10:00 a.m. - 12:00 a.m."", ""Tuesday"": ""10:00 a.m. - 12:00 a.m."", ""Wednesday"": ""10:00 a.m. - 12:00 a.m."", ""Thursday"": ""10:00 a.m. - 12:00 a.m."", ""Friday"": ""10:00 a.m. - 12:00 a.m."", ""Saturday"": ""10:00 a.m. - 12:00 a.m."", ""Sunday"": ""10:00 a.m. - 12:00 a.m.""}",+351 800 123 456,"facebook.com/example, instagram.com/example"
3,CHOCOLATERIA SAN GINÉS,3.7,915,Open,2,12,https://www.google.com/s2/favicons?domain=chocolateriasangines.com&sz=64,CHOCOLATERIA,"{""Monday"": ""10:00 a.m. - 12:00 a.m."", ""Tuesday"": ""10:00 a.m. - 12:00 a.m."", ""Wednesday"": ""10:00 a.m. - 12:00 a.m."", ""Thursday"": ""10:00 a.m. - 12:00 a.m."", ""Friday"": ""10:00 a.m. - 12:00 a.m."", ""Saturday"": ""10:00 a.m. - 12:00 a.m."", ""Sunday"": ""10:00 a.m. - 12:00 a.m.""}",+351 800 123 456,"facebook.com/example, instagram.com/example"
3,DI CASA - COZINHA ITALIANA,4.6,305,Closed,2,14,img\DI CASA.png,ITALIANA,"{""Monday"": ""10:00 a.m. - 12:00 a.m."", ""Tuesday"": ""10:00 a.m. - 12:00 a.m."", ""Wednesday"": ""10:00 a.m. - 12:00 a.m."", ""Thursday"": ""10:00 a.m. - 12:00 a.m."", ""Friday"": ""10:00 a.m. - 12:00 a.m."", ""Saturday"": ""10:00 a.m. - 12:00 a.m."", ""Sunday"": ""10:00 a.m. - 12:00 a.m.""}",+351 800 123 456,"facebook.com/example, instagram.com/example"
3,FEEL RIO,4.2,1675,Open,2,8,img\FEEL RIO.jpg,ITALIANA,"{""Monday"": ""10:00 a.m. - 12:00 a.m."", ""Tuesday"": ""10:00 a.m. - 12:00 a.m."", ""Wednesday"": ""10:00 a.m. - 12:00 a.m."", ""Thursday"": ""10:00 a.m. - 12:00 a.m."", ""Friday"": ""10:00 a.m. - 12:00 a.m."", ""Saturday"": ""10:00 a.m. - 12:00 a.m."", ""Sunday"": ""10:00 a.m. - 12:00 a.m.""}",+351 800 123 456,"facebook.com/example, instagram.com/example"
3,FNAC,4.6,1867,Open,1,11,https://www.google.com/s2/favicons?domain=fnac.com&sz=64,LIVRARIA,"{""Monday"": ""10:00 a.m. - 12:00 a.m."", ""Tuesday"": ""10:00 a.m. - 12:00 a.m."", ""Wednesday"": ""10:00 a.m. - 12:00 a.m."", ""Thursday"": ""10:00 a.m. - 12:00 a.m."", ""Friday"": ""10:00 a.m. - 12:00 a.m."", ""Saturday"": ""10:00 a.m. - 12:00 a.m."", ""Sunday"": ""10:00 a.m. - 12:00 a.m.""}",+351 800 123 456,"facebook.com/example, instagram.com/example"
3,GULDEN DRAAK,3.6,610,Closed,2,17,img/GULDEN DRAAK.jpg,CERVEJARIA,"{""Monday"": ""10:00 a.m. - 12:00 a.m."", ""Tuesday"": ""10:00 a.m. - 12:00 a.m."", ""Wednesday"": ""10:00 a.m. - 12:00 a.m."", ""Thursday"": ""10:00 a.m. - 12:00 a.m."", ""Friday"": ""10:00 a.m. - 12:00 a.m."", ""Saturday"": ""10:00 a.m. - 12:00 a.m."", ""Sunday"": ""10:00 a.m. - 12:00 a.m.""}",+351 800 123 456,"facebook.com/example, instagram.com/example"
3,ITALIAN BURGER,3.7,1864,Closed,2,7,img/ITALIAN BURGER.jpg,FAST FOOD,"{""Monday"": ""10:00 a.m. - 12:00 a.m."", ""Tuesday"": ""10:00 a.m. - 12:00 a.m."", ""Wednesday"": ""10:00 a.m. - 12:00 a.m."", ""Thursday"": ""10:00 a.m. - 12:00 a.m."", ""Friday"": ""10:00 a.m. - 12:00 a.m."", ""Saturday"": ""10:00 a.m. - 12:00 a.m."", ""Sunday"": ""10:00 a.m. - 12:00 a.m.""}",+351 800 123 456,"facebook.com/example, instagram.com/example"
3,KIRO SUSHI,4.0,549,Open,3,15,img/KIRO SUSHI.jpg,ASIÁTICA,"{""Monday"": ""10:00 a.m. - 12:00 a.m."", ""Tuesday"": ""10:00 a.m. - 12:00 a.m."", ""Wednesday"": ""10:00 a.m. - 12:00 a.m."", ""Thursday"": ""10:00 a.m. - 12:00 a.m."", ""Friday"": ""10:00 a.m. - 12:00 a.m."", ""Saturday"": ""10:00 a.m. - 12:00 a.m."", ""Sunday"": ""10:00 a.m. - 12:00 a.m.""}",+351 800 123 456,"facebook.com/example, instagram.com/example"
3,LAS MUNS,4.4,789,Closed,1,14,https://www.google.com/s2/favicons?domain=lasmuns.com&sz=64,ASIÁTICA,"{""Monday"": ""10:00 a.m. - 12:00 a.m."", ""Tuesday"": ""10:00 a.m. - 12:00 a.m."", ""Wednesday"": ""10:00 a.m. - 12:00 a.m."", ""Thursday"": ""10:00 a.m. - 12:00 a.m."", ""Friday"": ""10:00 a.m. - 12:00 a.m."", ""Saturday"": ""10:00 a.m. - 12:00 a.m."", ""Sunday"": ""10:00 a.m. - 12:00 a.m.""}",+351 800 123 456,"facebook.com/example, instagram.com/example"
3,LEITARIA DA QUINTA DO PAÇO,3.9,298,Closed,2,13,https://www.google.com/s2/favicons?domain=leitariadaquintadopaco.com&sz=64,CAFÉ E PASTELARIA,"{""Monday"": ""10:00 a.m. - 12:00 a.m."", ""Tuesday"": ""10:00 a.m. - 12:00 a.m."", ""Wednesday"": ""10:00 a.m. - 12:00 a.m."", ""Thursday"": ""10:00 a.m. - 12:00 a.m."", ""Friday"": ""10:00 a.m. - 12:00 a.m."", ""Saturday"": ""10:00 a.m. - 12:00 a.m."", ""Sunday"": ""10:00 a.m. - 12:00 a.m.""}",+351 800 123 456,"facebook.com/example, instagram.com/example"
3,MÚ – GELATO ITALIANO,4.3,1573,Closed,1,15,img\MÚ – GELATO ITALIANO.png,GELATARIA E DOÇARIA,"{""Monday"": ""10:00 a.m. - 12:00 a.m."", ""Tuesday"": ""10:00 a.m. - 12:00 a.m."", ""Wednesday"": ""10:00 a.m. - 12:00 a.m."", ""Thursday"": ""10:00 a.m. - 12:00 a.m."", ""Friday"": ""10:00 a.m. - 12:00 a.m."", ""Saturday"": ""10:00 a.m. - 12:00 a.m."", ""Sunday"": ""10:00 a.m. - 12:00 a.m.""}",+351 800 123 456,"facebook.com/example, instagram.com/example"
3,NOOD,4.5,176,Closed,3,15,img/NOOD.jpg,ASIÁTICA,"{""Monday"": ""10:00 a.m. - 12:00 a.m."", ""Tuesday"": ""10:00 a.m. - 12:00 a.m."", ""Wednesday"": ""10:00 a.m. - 12:00 a.m."", ""Thursday"": ""10:00 a.m. - 12:00 a.m."", ""Friday"": ""10:00 a.m. - 12:00 a.m."", ""Saturday"": ""10:00 a.m. - 12:00 a.m."", ""Sunday"": ""10:00 a.m. - 12:00 a.m.""}",+351 800 123 456,"facebook.com/example, instagram.com/example"
3,O FORNO DO LEITÃO DO ZÉ,4.2,1002,Open,3,14,img\O Forno do leita╠âo do Ze╠ü.jpg,PORTUGUESA,"{""Monday"": ""10:00 a.m. - 12:00 a.m."", ""Tuesday"": ""10:00 a.m. - 12:00 a.m."", ""Wednesday"": ""10:00 a.m. - 12:00 a.m."", ""Thursday"": ""10:00 a.m. - 12:00 a.m."", ""Friday"": ""10:00 a.m. - 12:00 a.m."", ""Saturday"": ""10:00 a.m. - 12:00 a.m."", ""Sunday"": ""10:00 a.m. - 12:00 a.m.""}",+351 800 123 456,"facebook.com/example, instagram.com/example"
3,PANDA CANTINA,4.9,348,Open,3,14,img/PANDA CANTINA.jpg,ASIÁTICA,"{""Monday"": ""10:00 a.m. - 12:00 a.m."", ""Tuesday"": ""10:00 a.m. - 12:00 a.m."", ""Wednesday"": ""10:00 a.m. - 12:00 a.m."", ""Thursday"": ""10:00 a.m. - 12:00 a.m."", ""Friday"": ""10:00 a.m. - 12:00 a.m."", ""Saturday"": ""10:00 a.m. - 12:00 a.m."", ""Sunday"": ""10:00 a.m. - 12:00 a.m.""}",+351 800 123 456,"facebook.com/example, instagram.com/example"
3,POKÉ HOUSE,4.7,578,Open,2,17,img\POKÉ HOUSE.jpeg,ASIÁTICA,"{""Monday"": ""10:00 a.m. - 12:00 a.m."", ""Tuesday"": ""10:00 a.m. - 12:00 a.m."", ""Wednesday"": ""10:00 a.m. - 12:00 a.m."", ""Thursday"": ""10:00 a.m. - 12:00 a.m."", ""Friday"": ""10:00 a.m. - 12:00 a.m."", ""Saturday"": ""10:00 a.m. - 12:00 a.m."", ""Sunday"": ""10:00 a.m. - 12:00 a.m.""}",+351 800 123 456,"facebook.com/example, instagram.com/example"
3,PORTUGÁLIA,4.5,722,Closed,1,11,img\PORTUGA╠üLIA.jpg,PORTUGUESA,"{""Monday"": ""10:00 a.m. - 12:00 a.m."", ""Tuesday"": ""10:00 a.m. - 12:00 a.m."", ""Wednesday"": ""10:00 a.m. - 12:00 a.m."", ""Thursday"": ""10:00 a.m. - 12:00 a.m."", ""Friday"": ""10:00 a.m. - 12:00 a.m."", ""Saturday"": ""10:00 a.m. - 12:00 a.m."", ""Sunday"": ""10:00 a.m. - 12:00 a.m.""}",+351 800 123 456,"facebook.com/example, instagram.com/example"
3,SANTA FRANCESINHA by CUFRA,3.6,1875,Open,2,18,img/SANTA FRANCESINHA by CUFRA.jpg,PORTUGUESA,"{""Monday"": ""10:00 a.m. - 12:00 a.m."", ""Tuesday"": ""10:00 a.m. - 12:00 a.m."", ""Wednesday"": ""10:00 a.m. - 12:00 a.m."", ""Thursday"": ""10:00 a.m. - 12:00 a.m."", ""Friday"": ""10:00 a.m. - 12:00 a.m."", ""Saturday"": ""10:00 a.m. - 12:00 a.m."", ""Sunday"": ""10:00 a.m. - 12:00 a.m.""}",+351 800 123 456,"facebook.com/example, instagram.com/example"
3,TRE BAMBU,3.7,479,Open,1,9,img\TRE BAMBU.jpg,ASIÁTICA,"{""Monday"": ""10:00 a.m. - 12:00 a.m."", ""Tuesday"": ""10:00 a.m. - 12:00 a.m."", ""Wednesday"": ""10:00 a.m. - 12:00 a.m."", ""Thursday"": ""10:00 a.m. - 12:00 a.m."", ""Friday"": ""10:00 a.m. - 12:00 a.m."", ""Saturday"": ""10:00 a.m. - 12:00 a.m."", ""Sunday"": ""10:00 a.m. - 12:00 a.m.""}",+351 800 123 456,"facebook.com/example, instagram.com/example"
0G,AMORINO – GELATO AL NATURALE,4.9,324,Open,2,16,img\AMORINO GELATO AL NATURALE.png,GELATARIA E DOÇARIA,"{""Monday"": ""10:00 a.m. - 12:00 a.m."", ""Tuesday"": ""10:00 a.m. - 12:00 a.m."", ""Wednesday"": ""10:00 a.m. - 12:00 a.m."", ""Thursday"": ""10:00 a.m. - 12:00 a.m."", ""Friday"": ""10:00 a.m. - 12:00 a.m."", ""Saturday"": ""10:00 a.m. - 12:00 a.m."", ""Sunday"": ""10:00 a.m. - 12:00 a.m.""}",+351 800 123 456,"facebook.com/example, instagram.com/example"
0G,CAFÉ JERONYMO,4.8,1362,Closed,3,7,img\CAFÉ JERONYMO.png,CAFÉ E PASTELARIA,"{""Monday"": ""10:00 a.m. - 12:00 a.m."", ""Tuesday"": ""10:00 a.m. - 12:00 a.m."", ""Wednesday"": ""10:00 a.m. - 12:00 a.m."", ""Thursday"": ""10:00 a.m. - 12:00 a.m."", ""Friday"": ""10:00 a.m. - 12:00 a.m."", ""Saturday"": ""10:00 a.m. - 12:00 a.m."", ""Sunday"": ""10:00 a.m. - 12:00 a.m.""}",+351 800 123 456,"facebook.com/example, instagram.com/example"
0G,PORTELA CAFÉS,4.8,1209,Open,1,9,img\PORTELA CAFÉS.png,CAFÉ E PASTELARIA,"{""Monday"": ""10:00 a.m. - 12:00 a.m."", ""Tuesday"": ""10:00 a.m. - 12:00 a.m."", ""Wednesday"": ""10:00 a.m. - 12:00 a.m."", ""Thursday"": ""10:00 a.m. - 12:00 a.m."", ""Friday"": ""10:00 a.m. - 12:00 a.m."", ""Saturday"": ""10:00 a.m. - 12:00 a.m."", ""Sunday"": ""10:00 a.m. - 12:00 a.m.""}",+351 800 123 456,"facebook.com/example, instagram.com/example"
0G,RESTAURANTE DA GARE,4.5,1462,Closed,2,19,img\RESTAURANTE DA GARE.jpeg,PORTUGUESA,"{""Monday"": ""10:00 a.m. - 12:00 a.m."", ""Tuesday"": ""10:00 a.m. - 12:00 a.m."", ""Wednesday"": ""10:00 a.m. - 12:00 a.m."", ""Thursday"": ""10:00 a.m. - 12:00 a.m."", ""Friday"": ""10:00 a.m. - 12:00 a.m."", ""Saturday"": ""10:00 a.m. - 12:00 a.m."", ""Sunday"": ""10:00 a.m. - 12:00 a.m.""}",+351 800 123 456,"facebook.com/example, instagram.com/example"
0G,SUBWAY,4.9,1965,Closed,3,18,https://www.google.com/s2/favicons?domain=subway.com&sz=64,FAST FOOD,"{""Monday"": ""10:00 a.m. - 12:00 a.m."", ""Tuesday"": ""10:00 a.m. - 12:00 a.m."", ""Wednesday"": ""10:00 a.m. - 12:00 a.m."", ""Thursday"": ""10:00 a.m. - 12:00 a.m."", ""Friday"": ""10:00 a.m. - 12:00 a.m."", ""Saturday"": ""10:00 a.m. - 12:00 a.m."", ""Sunday"": ""10:00 a.m. - 12:00 a.m.""}",+351 800 123 456,"facebook.com/example, instagram.com/example"
0G,XIAO LONG KAN,3.7,960,Open,2,18,img/XIAO LONG KAN.jpg,CHINESA,"{""Monday"": ""10:00 a.m. - 12:00 a.m."", ""Tuesday"": ""10:00 a.m. - 12:00 a.m."", ""Wednesday"": ""10:00 a.m. - 12:00 a.m."", ""Thursday"": ""10:00 a.m. - 12:00 a.m."", ""Friday"": ""10:00 a.m. - 12:00 a.m."", ""Saturday"": ""10:00 a.m. - 12:00 a.m."", ""Sunday"": ""10:00 a.m. - 12:00 a.m.""}",+351 800 123 456,"facebook.com/example, instagram.com/example"
1G,ARDINA CAFFÉ,4.1,1525,Open,2,12,img\ARDINA CAFFÉ.png,CAFÉ E PASTELARIA,"{""Monday"": ""10:00 a.m. - 12:00 a.m."", ""Tuesday"": ""10:00 a.m. - 12:00 a.m."", ""Wednesday"": ""10:00 a.m. - 12:00 a.m."", ""Thursday"": ""10:00 a.m. - 12:00 a.m."", ""Friday"": ""10:00 a.m. - 12:00 a.m."", ""Saturday"": ""10:00 a.m. - 12:00 a.m."", ""Sunday"": ""10:00 a.m. - 12:00 a.m.""}",+351 800 123 456,"facebook.com/example, instagram.com/example"
1G,EXPRESSO DO ORIENTE,4.0,1255,Closed,1,11,img/EXPRESSO DO ORIENTE.jpg,CAFÉ E PASTELARIA,"{""Monday"": ""10:00 a.m. - 12:00 a.m."", ""Tuesday"": ""10:00 a.m. - 12:00 a.m."", ""Wednesday"": ""10:00 a.m. - 12:00 a.m."", ""Thursday"": ""10:00 a.m. - 12:00 a.m."", ""Friday"": ""10:00 a.m. - 12:00 a.m."", ""Saturday"": ""10:00 a.m. - 12:00 a.m."", ""Sunday"": ""10:00 a.m. - 12:00 a.m.""}",+351 800 123 456,"facebook.com/example, instagram.com/example"
1G,JMB,4.9,729,Open,1,11,img\JMB.jpg,CAFÉ E PASTELARIA,"{""Monday"": ""10:00 a.m. - 12:00 a.m."", ""Tuesday"": ""10:00 a.m. - 12:00 a.m."", ""Wednesday"": ""10:00 a.m. - 12:00 a.m."", ""Thursday"": ""10:00 a.m. - 12:00 a.m."", ""Friday"": ""10:00 a.m. - 12:00 a.m."", ""Saturday"": ""10:00 a.m. - 12:00 a.m."", ""Sunday"": ""10:00 a.m. - 12:00 a.m.""}",+351 800 123 456,"facebook.com/example, instagram.com/example"